01H7669,
02F9907,
05874V,
05B6853,
07D9771,
07ZJWV,
09C7046,
10G9214,
11690M,
19J2880,
1C92593,
1D21848,
1E27508,
1E72807,
283209G,
30656J,
30G6032,
32P174,
32P525,
33R3999,
353491G,
38P644,
3F3665,
40K6730,
446779G,
48P6646,
4F5693,
4F7004,
528352G,
52Y0747,
594052G,
598818F,
5F0633,
60093K,
606668F,
616574F,
616752G,
627M58,
649292G,
64P4291,
66G6229,
675270G,
679305F,
69Y3863,
73H4587,
7E2566,
7E3168,
80H6815,
8E3093,
CJS6443,
CNT5190,
CTN9091,
CVY4372,
CXP6076,
CZW4025,
CZX7249,
DBG9799,
DVZ9A1,
GH73BF,
2598089,
3412313,
17R6193,
1A33504,
40R2829,
52C7244,
56S4610,
58P7271,
58R5208,
95P6725,
183793,
185206,
266593,
267011,
289868,
0IFX4,
0UVSTX,
1C19322,
1CI5605,
1M0R3P,
29W9371,
55L7399,
58V6635,
5F7291,
738226F,
749XTT,
7E8821,
7F3050,
88W9979,
89G8889,
8E4352,
8E4981,
8E5558,
91C4208,
92G2964,
92T4405,
B0B99,
BOB99,
BS29122,
BYT0R,
C0RE19,
CAR076,
CRC6541,
CSN4916,
CVW5635,
CVX6474,
CVZ1359,
CWP3809,
CXP6055,
CXY5269,
CXY8388,
CXY8638,
CXY9572,
CZ2W938,
CZP8543,
CZW1331,
DASMW,
DDR7754,
DKD4507,
DNV9394,
DVNBK,
G000,
GG24WL,
L0TT1,
MP0WERD,
MSSH0N,
MYM0J0,
PMA92,
R026054,
RR5038,
